{"accuracy": [0.6384161114692688, 0.7164999842643738, 0.7656899094581604, 0.7975083589553833, 0.8177458047866821, 0.830672025680542, 0.839679479598999, 0.8485114574432373, 0.8573433756828308, 0.8605603575706482, 0.863601803779602, 0.8681640028953552, 0.8721997737884521, 0.8734281063079834, 0.8771714568138123, 0.8825525045394897, 0.8837223052978516, 0.8942504525184631, 0.8967069983482361, 0.9029069542884827, 0.9025560021400452, 0.9048956036567688, 0.9105105996131897, 0.9119728803634644, 0.9091653227806091, 0.9130841493606567, 0.9145464301109314, 0.9116804003715515, 0.9134935736656189, 0.9157162308692932, 0.915306806564331, 0.9160086512565613, 0.9217991232872009, 0.9175878763198853, 0.9194010496139526, 0.9195765256881714, 0.9238463044166565, 0.9236123561859131, 0.923495352268219, 0.9231444001197815, 0.9233198761940002, 0.9227349758148193, 0.9234368801116943, 0.9223255515098572, 0.9230274558067322, 0.9237293004989624, 0.9272971749305725, 0.9251330494880676, 0.9228519797325134, 0.9217991232872009], "loss": [1.6193886995315552, 1.090626835823059, 0.8449861407279968, 0.699777364730835, 0.6192057728767395, 0.5738868117332458, 0.5299417972564697, 0.49412310123443604, 0.4672353267669678, 0.4607873558998108, 0.4377457797527313, 0.4280608296394348, 0.4137811064720154, 0.399661123752594, 0.39068904519081116, 0.3755706548690796, 0.37327420711517334, 0.34326979517936707, 0.31880903244018555, 0.3092765212059021, 0.30221617221832275, 0.29589563608169556, 0.280936598777771, 0.2735614478588104, 0.2861224412918091, 0.27343446016311646, 0.26553288102149963, 0.27855443954467773, 0.26110056042671204, 0.26390141248703003, 0.26487037539482117, 0.26392456889152527, 0.24814708530902863, 0.2515186071395874, 0.25350823998451233, 0.24672460556030273, 0.23988007009029388, 0.2444552332162857, 0.24175745248794556, 0.242264986038208, 0.24010787904262543, 0.2404124140739441, 0.23817814886569977, 0.24273212254047394, 0.2405955046415329, 0.2336519956588745, 0.22984682023525238, 0.23388612270355225, 0.24318547546863556, 0.24037739634513855], "val_accuracy": [0.7808480262756348, 0.858504056930542, 0.8889947533607483, 0.9040018916130066, 0.9175798296928406, 0.9216293692588806, 0.9240114092826843, 0.925202488899231, 0.9299666285514832, 0.9309194684028625, 0.9323487281799316, 0.9309194684028625, 0.9309194684028625, 0.9363982677459717, 0.9349690079689026, 0.935921847820282, 0.9335398077964783, 0.9430681467056274, 0.9416388869285583, 0.9425917267799377, 0.9449738264083862, 0.9480705261230469, 0.9471176862716675, 0.9464030265808105, 0.9483087062835693, 0.9497379660606384, 0.9483087062835693, 0.9468794465065002, 0.9480705261230469, 0.9475941061973572, 0.9478322863578796, 0.9485469460487366, 0.9490233659744263, 0.9499762058258057, 0.9497379660606384, 0.9475941061973572, 0.9499762058258057, 0.9506908059120178, 0.9504526257514954, 0.9497379660606384, 0.9504526257514954, 0.9518818259239197, 0.9511672258377075, 0.9518818259239197, 0.95140540599823, 0.9525964856147766, 0.95140540599823, 0.9518818259239197, 0.9518818259239197, 0.9516436457633972], "val_loss": [0.9778411388397217, 0.5873814225196838, 0.42799559235572815, 0.35033363103866577, 0.315707266330719, 0.28147244453430176, 0.26396605372428894, 0.25540223717689514, 0.23570388555526733, 0.24238629639148712, 0.23499394953250885, 0.23276516795158386, 0.22025087475776672, 0.2072359174489975, 0.2151784598827362, 0.2096305638551712, 0.21170015633106232, 0.18987612426280975, 0.1909427046775818, 0.18552342057228088, 0.185113787651062, 0.18108561635017395, 0.18134108185768127, 0.18216192722320557, 0.178313747048378, 0.1768353432416916, 0.17777900397777557, 0.17653506994247437, 0.172820046544075, 0.17716772854328156, 0.171982079744339, 0.174480602145195, 0.17441751062870026, 0.17005589604377747, 0.17168354988098145, 0.1729431301355362, 0.17266462743282318, 0.16892683506011963, 0.16708143055438995, 0.1680210679769516, 0.16834522783756256, 0.16753830015659332, 0.16667670011520386, 0.16617083549499512, 0.16678118705749512, 0.16634193062782288, 0.16694174706935883, 0.16722577810287476, 0.166104257106781, 0.16742999851703644], "learning_rate": [0.0010000000474974513, 0.0010000000474974513, 0.0010000000474974513, 0.0010000000474974513, 0.0010000000474974513, 0.0010000000474974513, 0.0010000000474974513, 0.0010000000474974513, 0.0010000000474974513, 0.0010000000474974513, 0.0010000000474974513, 0.0010000000474974513, 0.0010000000474974513, 0.0010000000474974513, 0.0010000000474974513, 0.0010000000474974513, 0.0010000000474974513, 0.00020000000949949026, 0.00020000000949949026, 0.00020000000949949026, 0.00020000000949949026, 0.00020000000949949026, 0.00020000000949949026, 0.00020000000949949026, 0.00020000000949949026, 0.00020000000949949026, 0.00020000000949949026, 0.00020000000949949026, 0.00020000000949949026, 0.00020000000949949026, 0.00020000000949949026, 0.00020000000949949026, 0.00020000000949949026, 0.00020000000949949026, 0.00020000000949949026, 0.00020000000949949026, 0.00020000000949949026, 4.0000002627493814e-05, 4.0000002627493814e-05, 4.0000002627493814e-05, 4.0000002627493814e-05, 4.0000002627493814e-05, 8.000000889296643e-06, 8.000000889296643e-06, 8.000000889296643e-06, 8.000000889296643e-06, 8.000000889296643e-06, 1.6000001323845936e-06, 1.6000001323845936e-06, 1.6000001323845936e-06]}